company,year,capex,gross_profit,operating_cash,operating_income,rd_expense,revenue,revenue_b,revenue_growth,gross_margin,rd_pct,operating_margin,free_cash_flow_b
alphabet,2022,31485000000.0,,91495000000.0,74842000000.0,39500000000.0,282836000000.0,282.836,,,13.965690364734334,26.46127084246701,60.01
alphabet,2023,32251000000.0,,101746000000.0,84293000000.0,45427000000.0,307394000000.0,307.394,8.68277022726951,,14.778102370247955,27.421810445226647,69.495
alphabet,2024,52535000000.0,,125299000000.0,112390000000.0,49326000000.0,350018000000.0,350.018,13.86624332290156,,14.092418104211784,32.1097772114577,72.764
alphabet,2025,91447000000.0,,164713000000.0,129039000000.0,61087000000.0,,,0.0,,,,73.266
amazon,2022,,,46752000000.0,12248000000.0,,513983000000.0,513.983,,,,2.382958191224223,
amazon,2023,,,84946000000.0,36852000000.0,,574785000000.0,574.785,11.82957412988368,,,6.41144079960333,
amazon,2024,,,115877000000.0,68593000000.0,,637959000000.0,637.959,10.990892246666139,,,10.75194487420038,
amazon,2025,,,139514000000.0,79975000000.0,,716924000000.0,716.924,12.377754683294695,,,11.155296795755199,
apple,2022,10708000000.0,170782000000.0,122151000000.0,119437000000.0,26251000000.0,394328000000.0,394.328,,43.30963056136009,6.657148363798665,30.288744395528592,111.443
apple,2023,10959000000.0,169148000000.0,110543000000.0,114301000000.0,29915000000.0,383285000000.0,383.285,-2.800460530319937,44.13112957720756,7.804897139204509,29.821412265024723,99.584
apple,2024,9447000000.0,180683000000.0,118254000000.0,123216000000.0,31370000000.0,391035000000.0,391.035,2.021994077514111,46.206349815233935,8.022299794136075,31.510222870075566,108.807
apple,2025,12715000000.0,195201000000.0,111482000000.0,133050000000.0,34550000000.0,416161000000.0,416.161,6.425511782832749,46.90516410716045,8.302075398703867,31.970799762591884,98.767
broadcom,2022,424000000.0,22095000000.0,16736000000.0,14225000000.0,4919000000.0,33203000000.0,33.203,,66.54519169954523,14.814926362075717,42.84251423064181,16.312
broadcom,2023,452000000.0,24690000000.0,18085000000.0,16207000000.0,5253000000.0,35819000000.0,35.819,7.878806131976024,68.92989754041152,14.665401044138585,45.2469359836958,17.633
broadcom,2024,548000000.0,32509000000.0,19962000000.0,13463000000.0,9310000000.0,51574000000.0,51.574,43.98503587481504,63.03369915073487,18.051731492612557,26.104238569822,19.414
broadcom,2025,623000000.0,43294000000.0,27537000000.0,25484000000.0,10977000000.0,63887000000.0,63.887,23.874432853763516,67.76652527118193,17.181899290935558,39.889179332258514,26.914
meta,2022,31431000000.0,,50475000000.0,28944000000.0,35338000000.0,116609000000.0,116.609,,,30.30469346276874,24.821411726367604,19.044
meta,2023,27266000000.0,,71113000000.0,46751000000.0,38483000000.0,134902000000.0,134.902,15.687468377226455,,28.52663414923426,34.655527716416366,43.847
meta,2024,37256000000.0,,91328000000.0,69380000000.0,43873000000.0,164501000000.0,164.501,21.941112807816054,,26.670354587510108,42.1760354040401,54.072
meta,2025,69691000000.0,,115800000000.0,83276000000.0,57372000000.0,200966000000.0,200.966,22.167038498246217,,28.548112616064408,41.437855159579236,46.109
microsoft,2022,23886000000.0,135620000000.0,89035000000.0,83383000000.0,24512000000.0,198270000000.0,198.27,,68.4016744842891,12.362939426035204,42.05527815604983,65.149
microsoft,2023,28107000000.0,146052000000.0,87582000000.0,88523000000.0,27195000000.0,211915000000.0,211.915,6.8820295556564215,68.92008588349103,12.832975485454073,41.7728806361041,59.475
microsoft,2024,44477000000.0,171008000000.0,118548000000.0,109433000000.0,29510000000.0,245122000000.0,245.122,15.66996201307127,69.76444382797138,12.038903076835208,44.64429957327371,74.071
microsoft,2025,64551000000.0,193893000000.0,136162000000.0,128528000000.0,32488000000.0,281724000000.0,281.724,14.932156232406712,68.8237423861652,11.531853871164687,45.62195624085985,71.611
nvidia,2022,,17475000000.0,9108000000.0,10041000000.0,5268000000.0,26914000000.0,26.914,,64.92903321691314,19.573456193802482,37.307720888756776,
nvidia,2023,,15356000000.0,5641000000.0,4224000000.0,7339000000.0,,,0.0,,,,
nvidia,2024,,44301000000.0,28090000000.0,32972000000.0,8675000000.0,,,0.0,,,,
nvidia,2025,,97858000000.0,64089000000.0,81453000000.0,12914000000.0,,,0.0,,,,
nvidia,2026,,153463000000.0,102718000000.0,130387000000.0,18497000000.0,,,0.0,,,,
oracle,2022,4511000000.0,,9539000000.0,10926000000.0,7219000000.0,42440000000.0,42.44,,,17.00989632422243,25.74458058435438,5.028
oracle,2023,8695000000.0,,17165000000.0,13093000000.0,8623000000.0,49954000000.0,49.954,17.704995287464655,,17.26188093045602,26.2101133042399,8.47
oracle,2024,6866000000.0,,18673000000.0,15353000000.0,8915000000.0,52961000000.0,52.961,6.01953797493695,,16.833141368176584,28.98925624516153,11.807
oracle,2025,21215000000.0,,20821000000.0,17678000000.0,9860000000.0,57399000000.0,57.399,8.379751137629587,,17.17799961671806,30.798445965957594,-0.394
oracle,2026,55663000000.0,,31977000000.0,20606000000.0,10272000000.0,67357000000.0,67.357,17.34873429850694,,15.25008536603471,30.592217586887777,-23.686
salesforce,2022,717000000.0,19466000000.0,6000000000.0,548000000.0,4465000000.0,26492000000.0,26.492,,73.47878604861845,16.854144647440737,2.0685489959232974,5.283
salesforce,2023,798000000.0,22992000000.0,7111000000.0,1030000000.0,5055000000.0,31352000000.0,31.352,18.34516080326136,73.33503444756315,16.12337330951773,3.285276856340903,6.313
salesforce,2024,736000000.0,26316000000.0,10234000000.0,5011000000.0,4906000000.0,34857000000.0,34.857,11.179510079101806,75.49703072553577,14.074647846917404,14.375878589666351,9.498
salesforce,2025,594000000.0,32255000000.0,14996000000.0,8331000000.0,5993000000.0,41525000000.0,41.525,19.12958659666637,77.67609873570139,14.43226971703793,20.06261288380494,14.402
tesla,2022,7158000000.0,20853000000.0,14724000000.0,13656000000.0,3075000000.0,,,,,,,7.566
tesla,2023,8898000000.0,17660000000.0,13256000000.0,8891000000.0,3969000000.0,96773000000.0,96.773,,18.248891736331416,4.101350583323861,9.18747997891974,4.358
tesla,2024,11339000000.0,17450000000.0,14923000000.0,7076000000.0,4540000000.0,97690000000.0,97.69,0.9475783534663496,17.862626676220696,4.647353874500972,7.243320708363189,3.584
tesla,2025,8527000000.0,17094000000.0,14747000000.0,4355000000.0,6411000000.0,94827000000.0,94.827,-2.930699150373628,18.026511436616154,6.760732702711253,4.592573845001951,6.22
